<?xml version="1.0" encoding="UTF-8"?>
<extension>
  <name>MellowDSP</name>
  <module>Plugins::MellowDSP::Plugin</module>
  <version>0.3.11</version>
  <description>Fix strings.txt: block format pure (no TABs)</description>
  <creator>yoyaccio</creator>
  <homepageURL>https://github.com/yoyaccio/Mellow-DSP</homepageURL>
  <category>audio</category>
  <targetApplication>
    <id>SqueezeboxServer</id>
    <minVersion>7.9</minVersion>
    <maxVersion>*</maxVersion>
  </targetApplication>
</extension>
