<?xml version="1.0" encoding="UTF-8"?>
<extension>
  <name>MellowDSP</name>
  <module>Plugins::MellowDSP::Plugin</module>
  <version>0.3.4</version>
  <description>MellowDSP cleaned package, safe Settings.pm</description>
  <creator>yoyaccio</creator>
  <email>yoyaccio@gmail.com</email>
  <homepageURL>https://github.com/yoyaccio/Mellow-DSP</homepageURL>
  <category>audio</category>
  <targetApplication>
    <id>SqueezeboxServer</id>
    <minVersion>7.9</minVersion>
    <maxVersion>*</maxVersion>
  </targetApplication>
</extension>
